{
    "Butterfly": {
        "precision": 0.9392265193370166,
        "recall": 0.9444444444444444,
        "f1-score": 0.9418282548476454,
        "support": 180.0
    },
    "Dragonfly": {
        "precision": 0.96,
        "recall": 0.9230769230769231,
        "f1-score": 0.9411764705882353,
        "support": 208.0
    },
    "Grasshopper": {
        "precision": 0.9226804123711341,
        "recall": 0.9322916666666666,
        "f1-score": 0.927461139896373,
        "support": 192.0
    },
    "Ladybird": {
        "precision": 0.9661016949152542,
        "recall": 0.9884393063583815,
        "f1-score": 0.9771428571428571,
        "support": 173.0
    },
    "Mosquito": {
        "precision": 0.9280575539568345,
        "recall": 0.9347826086956522,
        "f1-score": 0.9314079422382672,
        "support": 138.0
    },
    "accuracy": 0.9438832772166106,
    "macro avg": {
        "precision": 0.943213236116048,
        "recall": 0.9446069898484135,
        "f1-score": 0.9438033329426755,
        "support": 891.0
    },
    "weighted avg": {
        "precision": 0.9439988196658844,
        "recall": 0.9438832772166106,
        "f1-score": 0.9438230537930726,
        "support": 891.0
    }
}