{
    "train_loss": [
        0.7279690794893836,
        0.5457205244367749,
        0.4964073098999118,
        0.429687216626653,
        0.41280395633521677,
        0.40625380581855236,
        0.39324467274883346,
        0.2988080374473531,
        0.25107272429587535,
        0.21876914920667506,
        0.22678618875194495,
        0.20324185093578961,
        0.20366230802825155,
        0.1855255641784475,
        0.17730006723004557
    ],
    "train_acc": [
        0.7448004496908376,
        0.8029792017987634,
        0.8257448004496908,
        0.8479482855536818,
        0.8541315345699831,
        0.8538504777965149,
        0.8535694210230467,
        0.8940415964024733,
        0.910061832490163,
        0.9156829679595279,
        0.917088251826869,
        0.9277684092186622,
        0.925238898257448,
        0.9331084879145587,
        0.9350758853288365
    ],
    "val_loss": [
        0.9742792834737887,
        0.4352933395858833,
        0.5881578381749248,
        0.32485160954070813,
        0.36544505447383413,
        0.371161224431328,
        0.3281984140241454,
        0.24012532636238937,
        0.2273082854571166,
        0.23352216306225085,
        0.2146768872652257,
        0.21869564805635566,
        0.2091262624060733,
        0.2169624006774958,
        0.2165407900239616
    ],
    "val_acc": [
        0.7631874298540965,
        0.8540965207631874,
        0.813692480359147,
        0.9001122334455668,
        0.8843995510662177,
        0.8877665544332211,
        0.9001122334455668,
        0.9304152637485971,
        0.941638608305275,
        0.9427609427609428,
        0.9427609427609428,
        0.941638608305275,
        0.9349046015712682,
        0.9438832772166106,
        0.9438832772166106
    ],
    "learning_rate": [
        0.001,
        0.001,
        0.001,
        0.001,
        0.001,
        0.001,
        0.0001,
        0.0001,
        0.0001,
        0.0001,
        0.0001,
        0.0001,
        0.0001,
        1e-05,
        1e-05
    ],
    "epoch_times": [
        589.1049201488495,
        615.7657263278961,
        601.163569688797,
        397.49897813796997,
        557.2162344455719,
        452.07465720176697,
        687.2774615287781,
        640.9695868492126,
        540.9327955245972,
        569.7102541923523,
        327.7908890247345,
        327.3872892856598,
        321.7248067855835,
        401.5459415912628,
        367.3455674648285
    ]
}