{
    "final_training_accuracy": 0.9350758853288365,
    "final_validation_accuracy": 0.9438832772166106,
    "best_validation_accuracy": 0.9438832772166106,
    "final_training_loss": 0.17730006723004557,
    "final_validation_loss": 0.2165407900239616,
    "total_training_time_minutes": 123.29181130329768,
    "average_epoch_time_seconds": 493.1672452131907,
    "class_names": [
        "Butterfly",
        "Dragonfly",
        "Grasshopper",
        "Ladybird",
        "Mosquito"
    ],
    "confusion_matrix": [
        [
            170,
            2,
            4,
            2,
            2
        ],
        [
            4,
            192,
            9,
            1,
            2
        ],
        [
            4,
            2,
            179,
            2,
            5
        ],
        [
            1,
            0,
            0,
            171,
            1
        ],
        [
            2,
            4,
            2,
            1,
            129
        ]
    ],
    "per_class_accuracy": {
        "Butterfly": 0.9444444444444444,
        "Dragonfly": 0.9230769230769231,
        "Grasshopper": 0.9322916666666666,
        "Ladybird": 0.9884393063583815,
        "Mosquito": 0.9347826086956522
    },
    "Butterfly": {
        "precision": 0.9392265193370166,
        "recall": 0.9444444444444444,
        "f1-score": 0.9418282548476454,
        "support": 180.0
    },
    "Dragonfly": {
        "precision": 0.96,
        "recall": 0.9230769230769231,
        "f1-score": 0.9411764705882353,
        "support": 208.0
    },
    "Grasshopper": {
        "precision": 0.9226804123711341,
        "recall": 0.9322916666666666,
        "f1-score": 0.927461139896373,
        "support": 192.0
    },
    "Ladybird": {
        "precision": 0.9661016949152542,
        "recall": 0.9884393063583815,
        "f1-score": 0.9771428571428571,
        "support": 173.0
    },
    "Mosquito": {
        "precision": 0.9280575539568345,
        "recall": 0.9347826086956522,
        "f1-score": 0.9314079422382672,
        "support": 138.0
    }
}